{
    "timestamp": "2026-01-22 15:04:44",
    "buckle_found": true,
    "buckle_number": 3,
    "start_position": {
        "x": -376.20000000000005,
        "y": -402.96,
        "z": 724.01,
        "rx": 88.47,
        "ry": -32.96,
        "rz": 88.7
    },
    "grip_position": {
        "x": -376.20000000000005,
        "y": -502.96,
        "z": 724.01,
        "rx": 88.47,
        "ry": -32.96,
        "rz": 88.7
    }
}